{
    "accuracy": 0.9440879926672777,
    "precision": 0.7905405405405406,
    "recall": 0.7959183673469388,
    "auc": 0.9403753026634383
}
